<?xml version="1.0" encoding="utf-8" ?>
<dwsync>
<file name="lo.png" server="C:/xampp/htdocs/" local="131253258060000000" remote="131253258060000000" Dst="0" />
<file name="4-star-rating.png" server="C:/xampp/htdocs/" local="131249214040000000" remote="131249214040000000" Dst="0" />
<file name="dscn8464.jpg" server="C:/xampp/htdocs/" local="131254411120000000" remote="131254411120000000" Dst="0" />
<file name="tvguide-glasspane.png" server="C:/xampp/htdocs/" local="131254406480000000" remote="131254406480000000" Dst="0" />
<file name="35227745.jpg" server="C:/xampp/htdocs/" local="131254446380000000" remote="131254446380000000" Dst="0" />
<file name="resevil2c_800.jpg" server="C:/xampp/htdocs/" local="126356051820000000" remote="126356051820000000" Dst="0" />
<file name="139541_wallpaper_monsters_inc_01_800.jpg" server="C:/xampp/htdocs/" local="126550785720000000" remote="126550785720000000" Dst="0" />
<file name="1057711526_Prince of Persia The Sands of Time_PS2_4_1152.jpg" server="C:/xampp/htdocs/" local="127168170940000000" remote="127168170940000000" Dst="0" />
<file name="finding-nemo-wallpaper-001-1024.jpg" server="C:/xampp/htdocs/" local="127773129020000000" remote="127773129020000000" Dst="0" />
<file name="MaxPayne_535_1024.jpg" server="C:/xampp/htdocs/" local="125542854540000000" remote="125542854540000000" Dst="0" />
</dwsync>