<?xml version="1.0" encoding="utf-8" ?>
<dwsync>
<file name="add movie.php" server="C:/xampp/htdocs/" local="131259577260000000" remote="131259577260000000" Dst="0" />
<file name="add_theater.php" server="C:/xampp/htdocs/" local="131259568160000000" remote="131259568160000000" Dst="0" />
<file name="add_show.php" server="C:/xampp/htdocs/" local="131267392622509599" remote="131267392620000000" Dst="0" />
<file name="admin.php" server="C:/xampp/htdocs/" local="131267387387622348" remote="131267387380000000" Dst="0" />
<file name="w3.css" server="C:/xampp/htdocs/" local="131050496640000000" remote="131050496640000000" Dst="0" />
<file name="shows.php" server="C:/xampp/htdocs/" local="131267384221757344" remote="131267384220000000" Dst="0" />
<file name="movies.php" server="C:/xampp/htdocs/" local="131277543843828090" remote="131277543840000000" Dst="0" />
<file name="Book.php" server="C:/xampp/htdocs/" local="131268274142865086" remote="131268274140000000" Dst="0" />
<file name="home.php" server="C:/xampp/htdocs/" local="131277690010000000" remote="131277690010000000" Dst="0" />
<file name="log_in_redrect.php" server="C:/xampp/htdocs/" local="131259591900000000" remote="131259591900000000" Dst="0" />
<file name="Log_in.php" server="C:/xampp/htdocs/" local="131277646098061722" remote="131277646090000000" Dst="0" />
<file name="Profile.php" server="C:/xampp/htdocs/" local="131268247985121913" remote="131268247980000000" Dst="0" />
<file name="theater.php" server="C:/xampp/htdocs/" local="131268252450601651" remote="131268252450000000" Dst="0" />
<file name="Ticket.php" server="C:/xampp/htdocs/" local="131268298834199357" remote="131268298830000000" Dst="0" />
<file name="Log_out.php" server="C:/xampp/htdocs/" local="131259449400000000" remote="131259449400000000" Dst="0" />
<file name="untitled.php" server="C:/xampp/htdocs/" local="131267813662193598" remote="131267813660000000" Dst="0" />
<file name="connection.php" server="C:/xampp/htdocs/" local="131253187840000000" remote="131253187840000000" Dst="0" />
<file name="love.png" server="C:/xampp/htdocs/" local="131173220160000000" remote="131173220160000000" Dst="0" />
<file name="actors profile.php" server="C:/xampp/htdocs/" local="131277539689549072" remote="131277539680000000" Dst="0" />
<file name="show.php" server="C:/xampp/htdocs/" local="131277563540000000" remote="131277563540000000" Dst="0" />
<file name="about_us.php" server="C:/xampp/htdocs/" local="131277576320000000" remote="131277576320000000" Dst="0" />
<file name="privacy.php" server="C:/xampp/htdocs/" local="131277599510000000" remote="131277599510000000" Dst="0" />
<file name="Sign_up_insert.php" server="C:/xampp/htdocs/" local="131259570560000000" remote="131259570560000000" Dst="0" />
<file name="sign_up.php" server="C:/xampp/htdocs/" local="131277654982085449" remote="131277654980000000" Dst="0" />
</dwsync>